PRAGMA foreign_keys=OFF;
BEGIN TRANSACTION;
CREATE TABLE IF NOT EXISTS "migrations" ("id" integer primary key autoincrement not null, "migration" varchar not null, "batch" integer not null);
INSERT INTO migrations VALUES(1,'0001_01_01_000000_create_users_table',1);
INSERT INTO migrations VALUES(2,'0001_01_01_000001_create_cache_table',1);
INSERT INTO migrations VALUES(3,'0001_01_01_000002_create_jobs_table',1);
INSERT INTO migrations VALUES(4,'2026_06_19_091437_create_clusters_table',1);
INSERT INTO migrations VALUES(5,'2026_06_19_091437_create_customers_table',1);
INSERT INTO migrations VALUES(6,'2026_06_19_091437_create_transactions_table',1);
INSERT INTO migrations VALUES(7,'2026_06_19_091437_create_units_table',1);
INSERT INTO migrations VALUES(8,'2026_07_01_045452_add_fcm_token_to_users_table',2);
INSERT INTO migrations VALUES(9,'2026_07_02_052710_add_details_to_transactions_table',3);
CREATE TABLE IF NOT EXISTS "users" ("id" integer primary key autoincrement not null, "name" varchar not null, "email" varchar not null, "email_verified_at" datetime, "password" varchar not null, "role" varchar check ("role" in ('super_admin', 'admin', 'sales')) not null default 'sales', "remember_token" varchar, "created_at" datetime, "updated_at" datetime, "fcm_token" text);
INSERT INTO users VALUES(1,'Super Admin','admin@admin.com',NULL,'$2y$12$SRnx62/SLxx6KjbP9j/KW.DK48pbFq8xyayy27AfyXMTZX/wB.CQS','super_admin','20fiINBzGCJoWpdFJndpdGrymAFr9OkyWIqEW3zjxqqt5l1nWEehptR5YP80','2026-06-19 09:22:11','2026-06-22 03:54:04',NULL);
INSERT INTO users VALUES(2,'Siska (Sales)','siska@example.com',NULL,'$2y$12$gG.zRgaTQ49QQH2gydRyEesHXcJ/WNtD6ZNzquz0j86rqMgascZK6','sales',NULL,'2026-07-02 04:57:16','2026-07-02 04:57:16',NULL);
INSERT INTO users VALUES(3,'Rudi (Sales Manager)','rudi@example.com',NULL,'$2y$12$huk8pajfMi2dCpBUnuydU.3mtEvF4l2IrNtt65z.CnGMwz4ezPfii','admin',NULL,'2026-07-02 04:57:16','2026-07-02 04:57:16',NULL);
INSERT INTO users VALUES(4,'Reza (Super Admin)','reza@example.com',NULL,'$2y$12$W3YfmhARXsnd0y7HN2TQAu9MkNzLE0GW9QTjlmL2o7kK/15bWyl76','super_admin',NULL,'2026-07-02 04:57:16','2026-07-02 04:57:16',NULL);
INSERT INTO users VALUES(5,'Admin (Android)','admin@example.com',NULL,'$2y$12$KMBEoCZ.ZM7m0tFdY1fNP.uh8taWdf2XcvvIrvJtEht.rUDIXY8sO','admin',NULL,'2026-07-02 04:57:16','2026-07-02 04:57:16',NULL);
CREATE TABLE IF NOT EXISTS "password_reset_tokens" ("email" varchar not null, "token" varchar not null, "created_at" datetime, primary key ("email"));
CREATE TABLE IF NOT EXISTS "sessions" ("id" varchar not null, "user_id" integer, "ip_address" varchar, "user_agent" text, "payload" text not null, "last_activity" integer not null, primary key ("id"));
INSERT INTO sessions VALUES('D04XKojN8xdOV4ZC3aolNLJhx6eU2F2zeEHdYYDa',1,'127.0.0.1','Mozilla/5.0 (Macintosh; Intel Mac OS X 10_15_7) AppleWebKit/537.36 (KHTML, like Gecko) Chrome/149.0.0.0 Safari/537.36','eyJfdG9rZW4iOiJ4RWNCckZNRnFHOFVsODltZDhRZFd1Rlhxb09EeTlFOXJHMm1vbzhLIiwiX3ByZXZpb3VzIjp7InVybCI6Imh0dHA6XC9cLzEyNy4wLjAuMTo4MDAwXC91bml0cyIsInJvdXRlIjoidW5pdHMuaW5kZXgifSwiX2ZsYXNoIjp7Im9sZCI6W10sIm5ldyI6W119LCJsb2dpbl93ZWJfNTliYTM2YWRkYzJiMmY5NDAxNTgwZjAxNGM3ZjU4ZWE0ZTMwOTg5ZCI6MX0=',1782902261);
INSERT INTO sessions VALUES('dSuKpxDPJyThno6FQqFiLn9eflx3bq90Wl2vXRNZ',1,'127.0.0.1','Mozilla/5.0 (Macintosh; Intel Mac OS X 10_15_7) AppleWebKit/537.36 (KHTML, like Gecko) Chrome/149.0.0.0 Safari/537.36','eyJfdG9rZW4iOiJvVDlMcExJeWI0S3BiclpyTERxekJSVzR0ZWNWVkVzeXlMVlhpYlMwIiwiX3ByZXZpb3VzIjp7InVybCI6Imh0dHA6XC9cL2xvY2FsaG9zdDo4MDAwXC9hZG1pbiIsInJvdXRlIjoiZmlsYW1lbnQuYWRtaW4ucGFnZXMuZGFzaGJvYXJkIn0sIl9mbGFzaCI6eyJvbGQiOltdLCJuZXciOltdfSwidXJsIjpbXSwibG9naW5fd2ViXzU5YmEzNmFkZGMyYjJmOTQwMTU4MGYwMTRjN2Y1OGVhNGUzMDk4OWQiOjEsInBhc3N3b3JkX2hhc2hfd2ViIjoiNTEzMTQ0MTJkNDhiOGRkOWJkZGQxODFmZWI2ZDMwM2ZiZDg2MThjNzc4OWFkYzEyMTEyMmMxODQ3YWVmMjg5MCJ9',1782967097);
INSERT INTO sessions VALUES('70qVklAgF7lamqCiKulfcadUPoeSqyuX0V2QKAyo',1,'127.0.0.1','Mozilla/5.0 (Macintosh; Intel Mac OS X 10_15_7) AppleWebKit/537.36 (KHTML, like Gecko) Chrome/149.0.0.0 Safari/537.36','eyJfdG9rZW4iOiJuRmxISmZQVVBLSG1VQXp2SEhDUnJSSXdNMUlMZUM3a0twY1dTMFJVIiwiX3ByZXZpb3VzIjp7InVybCI6Imh0dHA6XC9cLzEyNy4wLjAuMTo4MDAwXC91c2VycyIsInJvdXRlIjoidXNlcnMuaW5kZXgifSwiX2ZsYXNoIjp7Im9sZCI6W10sIm5ldyI6W119LCJ1cmwiOnsiaW50ZW5kZWQiOiJodHRwOlwvXC8xMjcuMC4wLjE6ODAwMCJ9LCJsb2dpbl93ZWJfNTliYTM2YWRkYzJiMmY5NDAxNTgwZjAxNGM3ZjU4ZWE0ZTMwOTg5ZCI6MX0=',1782972527);
CREATE TABLE IF NOT EXISTS "cache" ("key" varchar not null, "value" text not null, "expiration" integer not null, primary key ("key"));
INSERT INTO cache VALUES('laravel-cache-livewire-rate-limiter:a17961fa74e9275d529f489537f179c05d50c2f3:timer','i:1782965457;',1782965457);
INSERT INTO cache VALUES('laravel-cache-livewire-rate-limiter:a17961fa74e9275d529f489537f179c05d50c2f3','i:1;',1782965457);
CREATE TABLE IF NOT EXISTS "cache_locks" ("key" varchar not null, "owner" varchar not null, "expiration" integer not null, primary key ("key"));
CREATE TABLE IF NOT EXISTS "jobs" ("id" integer primary key autoincrement not null, "queue" varchar not null, "payload" text not null, "attempts" integer not null, "reserved_at" integer, "available_at" integer not null, "created_at" integer not null);
CREATE TABLE IF NOT EXISTS "job_batches" ("id" varchar not null, "name" varchar not null, "total_jobs" integer not null, "pending_jobs" integer not null, "failed_jobs" integer not null, "failed_job_ids" text not null, "options" text, "cancelled_at" integer, "created_at" integer not null, "finished_at" integer, primary key ("id"));
CREATE TABLE IF NOT EXISTS "failed_jobs" ("id" integer primary key autoincrement not null, "uuid" varchar not null, "connection" varchar not null, "queue" varchar not null, "payload" text not null, "exception" text not null, "failed_at" datetime not null default CURRENT_TIMESTAMP);
CREATE TABLE IF NOT EXISTS "clusters" ("id" integer primary key autoincrement not null, "name" varchar not null, "description" text, "created_at" datetime, "updated_at" datetime);
INSERT INTO clusters VALUES(1,'Imperial Jade','Pre-populated cluster from Android data','2026-06-22 06:04:18','2026-06-29 10:00:04');
INSERT INTO clusters VALUES(2,'Imperial Wood','Pre-populated cluster from Android data','2026-06-22 06:04:18','2026-06-29 10:00:13');
INSERT INTO clusters VALUES(3,'Imperial Spring','Pre-populated cluster from Android data','2026-06-22 06:04:18','2026-06-29 10:00:32');
INSERT INTO clusters VALUES(4,'Imperial Orchid','Pre-populated cluster from Android data','2026-06-22 06:04:18','2026-06-29 10:00:43');
CREATE TABLE IF NOT EXISTS "customers" ("id" integer primary key autoincrement not null, "nik" varchar not null, "npwp" varchar, "name" varchar not null, "phone" varchar not null, "email" varchar, "address" text not null, "created_at" datetime, "updated_at" datetime);
INSERT INTO customers VALUES(1,'3174060505890008','72.573...','Dimas Sungkono','081317796313','dimas@gmail.com','Jl. Lebak Bulus No. 67...','2026-07-02 05:50:18','2026-07-02 05:50:18');
CREATE TABLE IF NOT EXISTS "transactions" ("id" integer primary key autoincrement not null, "unit_id" integer not null, "sales_id" integer not null, "customer_id" integer, "admin_id" integer, "status" varchar check ("status" in ('hold', 'request_booking', 'approved', 'rejected')) not null, "notes" text, "created_at" datetime, "updated_at" datetime, "details" text, foreign key("unit_id") references "units"("id") on delete cascade, foreign key("sales_id") references "users"("id") on delete cascade, foreign key("customer_id") references "customers"("id") on delete set null, foreign key("admin_id") references "users"("id") on delete set null);
INSERT INTO transactions VALUES(1,1,3,1,3,'approved',NULL,'2026-07-02 05:50:18','2026-07-02 05:50:18','{"alamatSurat":"SDA","noKk":"3174062...","typeBlok":"Tipe 70 - B2","cluster":"Jade","tujuanPembelian":"Tempat Tinggal","sumberDana":"Gaji","sistemPembayaran":"KPR","kprPersen":"18 x 10%","hargaJual":1241783685,"plafondKpr":1117335317,"tandaJadi":10000000,"tandaJadiDate":"03-05-2025","uMuka":114148369,"uMukaBln":"18","gimmicks":["AC 1\/2 PK","TV 32 Inch","Voucher Belanja","Kanopi"]}');
CREATE TABLE IF NOT EXISTS "units" ("id" integer primary key autoincrement not null, "cluster_id" integer not null, "name" varchar not null, "block" varchar not null, "selling_price" numeric not null, "unit_details" text, "status" varchar check ("status" in ('available', 'hold', 'request_booking', 'booked', 'sold')) not null default 'available', "created_at" datetime, "updated_at" datetime, foreign key("cluster_id") references "clusters"("id") on delete cascade);
INSERT INTO units VALUES(1,1,'Tipe 70/120','Blok B-01',1500000000,'[]','available','2026-06-22 06:04:18','2026-07-02 06:01:51');
INSERT INTO units VALUES(2,1,'Tipe 70/120','Blok B-02',1500000000,'{"buildingArea":70,"landArea":120,"bedrooms":3,"bathrooms":2,"notes":"Dekat dengan gerbang cluster utama."}','available','2026-06-22 06:04:18','2026-07-01 03:51:17');
INSERT INTO units VALUES(3,1,'Tipe 60/100','Blok B-05',1250000000,'{"buildingArea":60,"landArea":100,"bedrooms":3,"bathrooms":2,"notes":"Sistem ventilasi optimal, pencahayaan alami sangat baik."}','available','2026-06-22 06:04:18','2026-07-01 03:51:17');
INSERT INTO units VALUES(4,2,'Tipe 45/90','Blok A-10',850000000,'{"buildingArea":45,"landArea":90,"bedrooms":2,"bathrooms":1,"notes":"Rumah tumbuh minimalis modern dengan sisa lahan belakang luas."}','available','2026-06-22 06:04:18','2026-07-01 03:51:17');
INSERT INTO units VALUES(5,2,'Tipe 45/90','Blok A-11',850000000,'{"buildingArea":45,"landArea":90,"bedrooms":2,"bathrooms":1,"notes":"Carport muat 2 mobil kompak."}','available','2026-06-22 06:04:18','2026-07-01 03:51:17');
INSERT INTO units VALUES(6,3,'Tipe 120/180','Blok C-03',2400000000,'{"buildingArea":120,"landArea":180,"bedrooms":4,"bathrooms":3,"notes":"Cluster teratas dengan Club House eksklusif, smart home ready."}','available','2026-06-22 06:04:18','2026-07-01 03:51:17');
INSERT INTO units VALUES(7,3,'Tipe 120/180','Blok C-04',2400000000,'{"buildingArea":120,"landArea":180,"bedrooms":4,"bathrooms":3,"notes":"Sudah renovasi kanopi carport modern premium."}','available','2026-06-22 06:04:18','2026-07-01 03:51:17');
INSERT INTO units VALUES(8,4,'Tipe 36/72','Blok D-08',600000000,'{"buildingArea":36,"landArea":72,"bedrooms":2,"bathrooms":1,"notes":"Tipe favorit keluarga muda, cicilan KPR sangat terjangkau."}','available','2026-06-22 06:04:18','2026-07-01 03:51:17');
INSERT INTO units VALUES(9,4,'Tipe 36/72','Blok D-09',600000000,'{"buildingArea":36,"landArea":72,"bedrooms":2,"bathrooms":1,"notes":"Dekat minimarket dan gerbang cluster."}','available','2026-06-22 06:04:18','2026-07-01 03:51:17');
INSERT INTO units VALUES(10,4,'Tipe 36/72','Blok D-12',600000000,'{"buildingArea":36,"landArea":72,"bedrooms":2,"bathrooms":1,"notes":"Rumah sudut strategis."}','available','2026-06-22 06:04:18','2026-07-01 03:51:17');
DELETE FROM sqlite_sequence;
INSERT INTO sqlite_sequence VALUES('migrations',9);
INSERT INTO sqlite_sequence VALUES('users',5);
INSERT INTO sqlite_sequence VALUES('clusters',4);
INSERT INTO sqlite_sequence VALUES('units',10);
INSERT INTO sqlite_sequence VALUES('customers',1);
INSERT INTO sqlite_sequence VALUES('transactions',1);
CREATE UNIQUE INDEX "users_email_unique" on "users" ("email");
CREATE INDEX "sessions_user_id_index" on "sessions" ("user_id");
CREATE INDEX "sessions_last_activity_index" on "sessions" ("last_activity");
CREATE INDEX "cache_expiration_index" on "cache" ("expiration");
CREATE INDEX "cache_locks_expiration_index" on "cache_locks" ("expiration");
CREATE INDEX "jobs_queue_index" on "jobs" ("queue");
CREATE INDEX "failed_jobs_connection_queue_failed_at_index" on "failed_jobs" ("connection", "queue", "failed_at");
CREATE UNIQUE INDEX "failed_jobs_uuid_unique" on "failed_jobs" ("uuid");
CREATE UNIQUE INDEX "customers_nik_unique" on "customers" ("nik");
COMMIT;
